{
  "LGB_leaf64_d6": 0.9565686848119932,
  "LGB_leaf128_d8": 0.9566884930943766,
  "LGB_leaf256_d10": 0.9567017850425265,
  "LGB_leaf128_d8_cs9": 0.9565501136292905,
  "LGB_leaf64_d8_ss7": 0.9566306286026208,
  "XGB_d6": 0.9562300512558427,
  "XGB_d8": 0.9561661527935307,
  "XGB_d10": 0.9560016787968694,
  "XGB_d8_reg": 0.9557712679849611,
  "XGB_d6_gamma": 0.9563734394661956,
  "CB_d6": 0.9532848866278951,
  "CB_d8": 0.9542177572451092,
  "CB_d10": 0.9536402045759588,
  "CB_d8_reg": 0.9541243795260775,
  "MLP_512_512_512_half": 0.9456994967269207,
  "MLP_512_512_half": 0.9457390734679327,
  "MLP_256_128_64_half": 0.9457340314240953,
  "MLP_512_512_512": 0.9446391129497189,
  "ensemble_tuned": 0.9638326190640902
}